{
  "single_all": 31033.466477795184,
  "single_auto": 11943.288141902405,
  "single_consistent": 11929.206818777484,
  "single_valid": 11991.981960762627,
  "vector_auto": 11509.038803054149
}